{"xdata":[0,0.10101010101010101,0.20202020202020202,0.30303030303030304,0.40404040404040403,0.5050505050505051,0.6060606060606061,0.7070707070707071,0.8080808080808081,0.9090909090909091,1.0101010101010102,1.1111111111111112,1.2121212121212122,1.3131313131313131,1.4141414141414141,1.5151515151515151,1.6161616161616161,1.7171717171717171,1.8181818181818181,1.9191919191919191,2.0202020202020203,2.121212121212121,2.2222222222222223,2.323232323232323,2.4242424242424243,2.525252525252525,2.6262626262626263,2.727272727272727,2.8282828282828283,2.929292929292929,3.0303030303030303,3.131313131313131,3.2323232323232323,3.3333333333333335,3.4343434343434343,3.5353535353535355,3.6363636363636362,3.7373737373737375,3.8383838383838382,3.9393939393939394,4.040404040404041,4.141414141414141,4.242424242424242,4.343434343434343,4.444444444444445,4.545454545454545,4.646464646464646,4.747474747474747,4.848484848484849,4.94949494949495,5.05050505050505,5.151515151515151,5.252525252525253,5.353535353535354,5.454545454545454,5.555555555555555,5.656565656565657,5.757575757575758,5.858585858585858,5.959595959595959,6.0606060606060606,6.161616161616162,6.262626262626262,6.363636363636363,6.4646464646464645,6.565656565656566,6.666666666666667,6.767676767676767,6.8686868686868685,6.96969696969697,7.070707070707071,7.171717171717171,7.2727272727272725,7.373737373737374,7.474747474747475,7.575757575757575,7.6767676767676765,7.777777777777778,7.878787878787879,7.979797979797979,8.080808080808081,8.181818181818182,8.282828282828282,8.383838383838384,8.484848484848484,8.585858585858587,8.686868686868687,8.787878787878787,8.88888888888889,8.98989898989899,9.09090909090909,9.191919191919192,9.292929292929292,9.393939393939394,9.494949494949495,9.595959595959595,9.696969696969697,9.797979797979798,9.8989898989899,10],"ydata":[0.02704965376175424,0.07020111061500475,0.08390685652735234,0.571982952323068,0.5546955608309282,0.44941678394810625,0.504671731818693,0.6944271265793771,0.6105635902521737,1.0163002501576326,0.7747152918578771,0.9555722800372815,0.9551357490539522,0.9015149896509443,0.849801193318562,1.294601994304104,1.069505267665235,0.9385167312259504,1.0111664265329972,0.9624627913899286,0.9362790169525039,0.9462059024122979,0.8108778362658837,0.6350465642654491,0.7498443962449652,0.4746813177803855,0.562012623510206,0.5219378216764263,0.29545530175442214,0.06561666120760265,0.01376017241518343,0.1251679667103155,-0.11641652680032752,-0.20285125040799803,-0.5012050671487636,-0.31484133938568315,-0.4377514635135903,-0.5621503378374908,-0.5930558722673073,-0.7372559747618721,-0.9201654139248114,-0.8497736040894963,-0.862613494250009,-0.9648584723580617,-0.7795271259394144,-0.9488823016829157,-0.8768535394074537,-1.060894355746201,-1.2080496817247495,-0.9956932755478689,-1.0360478942400775,-0.796470824277654,-0.9490985698923838,-0.8427452361017802,-0.7421988880439732,-0.6258119843643921,-0.6221281241700218,-0.5115158053196314,-0.3401564957999768,-0.20728083812578585,-0.25278559727037647,-0.10463315420716048,-0.044638002706745075,0.17418687270584776,0.27150459586324976,0.30620631674660304,0.4544322756455819,0.5244479766897584,0.5978112446452205,0.6845661817260726,0.7565874818832066,0.747425434730589,0.908708130873645,0.7990915664891993,0.7567266053497238,1.14053451907272,0.8993631718956089,1.0512705639287308,1.2284025853076481,0.948220103997928,1.0861731769040606,0.8270700884129898,0.9911123159527288,0.7736777041423282,0.9777708418257633,0.4785542455534796,0.7763381955618052,0.6299227627363266,0.643558203727102,0.47757156288763203,0.3551422691524764,0.14632766346763754,0.14904944875734838,0.07083435387599812,0.05550054442909069,-0.138960501658247,-0.35859571363855947,-0.2891927724667183,-0.6091311262697235,-0.5610885074747937],"timestamp":"1782072423","xlabel":"x","ylabel":"y","ymin":-1.2,"ymax":1.2,"icon":{"type":"icon","message":"chaos","lat":40,"lon":-105,"brush_strokes":[[{"x":111,"y":158},{"x":111,"y":183},{"x":111,"y":210},{"x":112,"y":240},{"x":112,"y":256},{"x":114,"y":291},{"x":114,"y":330},{"x":114,"y":351},{"x":114,"y":392},{"x":114,"y":435},{"x":114,"y":480},{"x":114,"y":548},{"x":114,"y":570},{"x":115,"y":617},{"x":115,"y":668},{"x":115,"y":693},{"x":114,"y":742},{"x":112,"y":786},{"x":111,"y":807},{"x":108,"y":841},{"x":105,"y":871},{"x":103,"y":884},{"x":102,"y":906},{"x":102,"y":923},{"x":102,"y":929},{"x":103,"y":936},{"x":106,"y":940},{"x":109,"y":940}],[{"x":120,"y":145},{"x":142,"y":152},{"x":149,"y":155},{"x":166,"y":165},{"x":182,"y":180},{"x":191,"y":189},{"x":206,"y":211},{"x":218,"y":240},{"x":222,"y":257},{"x":232,"y":294},{"x":240,"y":337},{"x":243,"y":360},{"x":249,"y":407},{"x":253,"y":459},{"x":256,"y":486},{"x":261,"y":542},{"x":261,"y":597},{"x":258,"y":623},{"x":249,"y":678},{"x":237,"y":726},{"x":228,"y":749},{"x":209,"y":791},{"x":188,"y":825},{"x":178,"y":838},{"x":158,"y":859},{"x":142,"y":875},{"x":135,"y":883},{"x":133,"y":884},{"x":135,"y":883}],[{"x":363,"y":127},{"x":354,"y":155},{"x":348,"y":191},{"x":346,"y":213},{"x":345,"y":262},{"x":345,"y":323},{"x":345,"y":357},{"x":344,"y":428},{"x":344,"y":463},{"x":341,"y":531},{"x":338,"y":601},{"x":335,"y":672},{"x":333,"y":708},{"x":330,"y":776},{"x":327,"y":832},{"x":327,"y":855},{"x":327,"y":890},{"x":330,"y":915}],[{"x":475,"y":48},{"x":472,"y":65},{"x":471,"y":81},{"x":469,"y":124},{"x":469,"y":177},{"x":469,"y":208},{"x":472,"y":278},{"x":474,"y":358},{"x":474,"y":398},{"x":472,"y":481},{"x":469,"y":560},{"x":468,"y":597},{"x":464,"y":668},{"x":459,"y":739},{"x":458,"y":773},{"x":455,"y":835},{"x":456,"y":884},{"x":456,"y":905},{"x":458,"y":935},{"x":459,"y":948},{"x":461,"y":948}],[{"x":490,"y":48},{"x":505,"y":50},{"x":521,"y":53},{"x":532,"y":57},{"x":555,"y":65},{"x":579,"y":79},{"x":591,"y":88},{"x":609,"y":109},{"x":621,"y":137},{"x":624,"y":154},{"x":624,"y":195},{"x":618,"y":248},{"x":612,"y":277},{"x":594,"y":330},{"x":570,"y":373},{"x":558,"y":392},{"x":533,"y":422},{"x":512,"y":446},{"x":504,"y":454},{"x":492,"y":471},{"x":486,"y":480},{"x":484,"y":483},{"x":489,"y":488},{"x":498,"y":499},{"x":504,"y":505},{"x":518,"y":524},{"x":536,"y":551},{"x":545,"y":569},{"x":561,"y":609},{"x":579,"y":657},{"x":587,"y":683},{"x":603,"y":736},{"x":619,"y":791},{"x":628,"y":819},{"x":646,"y":878},{"x":668,"y":943},{"x":678,"y":975},{"x":699,"y":1023},{"x":710,"y":57},{"x":736,"y":63},{"x":753,"y":66},{"x":787,"y":69},{"x":824,"y":72},{"x":843,"y":72},{"x":878,"y":74},{"x":911,"y":77},{"x":927,"y":79},{"x":953,"y":82},{"x":973,"y":82},{"x":981,"y":81}],[{"x":833,"y":62},{"x":828,"y":77},{"x":825,"y":93},{"x":822,"y":134},{"x":819,"y":186},{"x":815,"y":248},{"x":813,"y":284},{"x":810,"y":360},{"x":807,"y":440},{"x":807,"y":483},{"x":806,"y":566},{"x":804,"y":653},{"x":804,"y":702},{"x":804,"y":817},{"x":807,"y":943},{"x":806,"y":994}]],"temperature":8},"filename":"data/data-1782072423.json","plotname":"plots/plot-1782072423.png","origin":"icon.html"}