{"xdata":[0,0.10101010101010101,0.20202020202020202,0.30303030303030304,0.40404040404040403,0.5050505050505051,0.6060606060606061,0.7070707070707071,0.8080808080808081,0.9090909090909091,1.0101010101010102,1.1111111111111112,1.2121212121212122,1.3131313131313131,1.4141414141414141,1.5151515151515151,1.6161616161616161,1.7171717171717171,1.8181818181818181,1.9191919191919191,2.0202020202020203,2.121212121212121,2.2222222222222223,2.323232323232323,2.4242424242424243,2.525252525252525,2.6262626262626263,2.727272727272727,2.8282828282828283,2.929292929292929,3.0303030303030303,3.131313131313131,3.2323232323232323,3.3333333333333335,3.4343434343434343,3.5353535353535355,3.6363636363636362,3.7373737373737375,3.8383838383838382,3.9393939393939394,4.040404040404041,4.141414141414141,4.242424242424242,4.343434343434343,4.444444444444445,4.545454545454545,4.646464646464646,4.747474747474747,4.848484848484849,4.94949494949495,5.05050505050505,5.151515151515151,5.252525252525253,5.353535353535354,5.454545454545454,5.555555555555555,5.656565656565657,5.757575757575758,5.858585858585858,5.959595959595959,6.0606060606060606,6.161616161616162,6.262626262626262,6.363636363636363,6.4646464646464645,6.565656565656566,6.666666666666667,6.767676767676767,6.8686868686868685,6.96969696969697,7.070707070707071,7.171717171717171,7.2727272727272725,7.373737373737374,7.474747474747475,7.575757575757575,7.6767676767676765,7.777777777777778,7.878787878787879,7.979797979797979,8.080808080808081,8.181818181818182,8.282828282828282,8.383838383838384,8.484848484848484,8.585858585858587,8.686868686868687,8.787878787878787,8.88888888888889,8.98989898989899,9.09090909090909,9.191919191919192,9.292929292929292,9.393939393939394,9.494949494949495,9.595959595959595,9.696969696969697,9.797979797979798,9.8989898989899,10],"ydata":[0.11024720013984145,0.13711087378517167,0.288877377073407,0.30537140415055364,0.42335636546778144,0.4465019290707002,0.5100466371290698,0.7036083476406277,0.7354976220324303,0.7882246061621146,0.9010837482253427,0.8336788114366861,0.858271531795793,0.8153053164060823,0.9014032562845962,0.9932608811978227,1.0265073903770328,0.8850090096233121,1.0108541390540953,0.9223967714336395,0.8396327916573249,0.7586697382658025,0.8714853260609003,0.8680258079116515,0.5777475194696695,0.8237961322474748,0.47933528818681564,0.5486288454294135,0.24649607466418647,0.16831708846637838,0.31562008063094577,-0.08878538396492237,-0.021979955624590986,-0.27553757026037434,-0.3867301688910062,-0.19089977353109777,-0.5242254714492773,-0.5963291434980932,-0.617591962270694,-0.7065703513429928,-0.7744967522923198,-0.6864127024109418,-0.9916196930630765,-0.9037140600595578,-1.1229521450257351,-0.8978877052975209,-1.1712641031690896,-0.9530694379699891,-1.0697271589741069,-0.8423766077447994,-0.9034738277998166,-0.8547136724612914,-0.8645435385029918,-0.6718840198035195,-0.6547313069813159,-0.6921840242053937,-0.6644333975376816,-0.4400729573956772,-0.2772675719000126,-0.374389781159304,0.06528303102762956,-0.05438573445391953,0.028416419679418405,0.1292965673362419,0.07502095900637135,0.3675402936376478,0.5183745469407202,0.5703551551579995,0.5681354291764532,0.9285891341504258,0.7506424466415332,0.7988906725395709,0.8738558361396265,1.025072691540051,0.6916761076734753,0.9404786490688091,1.082735226903202,1.0335570755530907,0.9675348590175485,1.0890687535698924,0.9274120418309638,1.0390378750444014,0.7870498415548215,0.9595288525159725,0.5761216642729476,0.710063791531215,0.6403466940326381,0.6774492503089415,0.4322998465875048,0.5264494620583992,0.13928804651584553,0.053955793897613236,0.12469185932864145,-0.023787722319336266,-0.10017384917849964,-0.287219332431501,-0.15152441059885965,-0.29360919630565085,-0.4256024773572453,-0.6065416401654387],"timestamp":"1782071711","xlabel":"x","ylabel":"y","ymin":-1.2,"ymax":1.2,"icon":{"type":"icon","message":"chaos","lat":40,"lon":-105,"brush_strokes":[[{"x":92,"y":100},{"x":93,"y":119},{"x":93,"y":130},{"x":93,"y":136},{"x":95,"y":151},{"x":95,"y":168},{"x":95,"y":177},{"x":93,"y":200},{"x":92,"y":222},{"x":90,"y":244},{"x":90,"y":254},{"x":89,"y":274},{"x":89,"y":283},{"x":87,"y":297},{"x":87,"y":314},{"x":87,"y":320},{"x":87,"y":333},{"x":87,"y":346},{"x":87,"y":352},{"x":86,"y":361},{"x":84,"y":370},{"x":84,"y":373},{"x":84,"y":376},{"x":86,"y":376}],[{"x":78,"y":109},{"x":102,"y":111},{"x":108,"y":112},{"x":120,"y":115},{"x":133,"y":118},{"x":140,"y":121},{"x":154,"y":125},{"x":167,"y":131},{"x":175,"y":137},{"x":185,"y":149},{"x":197,"y":162},{"x":203,"y":170},{"x":210,"y":188},{"x":218,"y":208},{"x":221,"y":219},{"x":225,"y":241},{"x":225,"y":263},{"x":225,"y":275},{"x":219,"y":296},{"x":210,"y":317},{"x":204,"y":325},{"x":188,"y":345},{"x":169,"y":360},{"x":158,"y":367},{"x":140,"y":379},{"x":132,"y":382},{"x":115,"y":386},{"x":103,"y":388},{"x":99,"y":388},{"x":98,"y":386}],[{"x":292,"y":91},{"x":289,"y":109},{"x":290,"y":127},{"x":290,"y":139},{"x":293,"y":167},{"x":296,"y":198},{"x":298,"y":216},{"x":301,"y":251},{"x":303,"y":288},{"x":305,"y":306},{"x":305,"y":342},{"x":305,"y":374},{"x":305,"y":386},{"x":303,"y":403},{"x":302,"y":406}],[{"x":375,"y":56},{"x":391,"y":71},{"x":395,"y":77},{"x":404,"y":91},{"x":413,"y":109},{"x":418,"y":119},{"x":424,"y":143},{"x":426,"y":173},{"x":428,"y":189},{"x":431,"y":225},{"x":432,"y":262},{"x":435,"y":278},{"x":440,"y":311},{"x":447,"y":340},{"x":450,"y":354},{"x":456,"y":379},{"x":461,"y":400},{"x":461,"y":407},{"x":462,"y":417},{"x":461,"y":420},{"x":461,"y":422},{"x":458,"y":420},{"x":456,"y":419},{"x":456,"y":417}],[{"x":395,"y":45},{"x":412,"y":42},{"x":426,"y":44},{"x":435,"y":45},{"x":455,"y":50},{"x":474,"y":59},{"x":483,"y":63},{"x":499,"y":78},{"x":512,"y":93},{"x":517,"y":100},{"x":521,"y":119},{"x":518,"y":140},{"x":512,"y":152},{"x":501,"y":174},{"x":486,"y":194},{"x":468,"y":214},{"x":461,"y":223},{"x":449,"y":237},{"x":444,"y":242},{"x":441,"y":250},{"x":446,"y":256},{"x":450,"y":259},{"x":465,"y":265},{"x":483,"y":277},{"x":505,"y":290},{"x":515,"y":300},{"x":535,"y":318},{"x":545,"y":328},{"x":561,"y":349},{"x":578,"y":370},{"x":587,"y":379},{"x":598,"y":397},{"x":610,"y":411},{"x":615,"y":417},{"x":622,"y":428}],[{"x":594,"y":96},{"x":622,"y":97},{"x":632,"y":99},{"x":655,"y":100},{"x":680,"y":103},{"x":710,"y":106},{"x":726,"y":106},{"x":754,"y":109},{"x":781,"y":112},{"x":793,"y":112},{"x":812,"y":114},{"x":824,"y":115},{"x":825,"y":114}],[{"x":698,"y":127},{"x":704,"y":161},{"x":705,"y":173},{"x":705,"y":202},{"x":704,"y":235},{"x":702,"y":253},{"x":702,"y":284}],[{"x":160,"y":573},{"x":145,"y":574},{"x":135,"y":580},{"x":129,"y":583},{"x":114,"y":589},{"x":100,"y":597},{"x":93,"y":601},{"x":81,"y":611},{"x":72,"y":623},{"x":69,"y":628},{"x":68,"y":638},{"x":71,"y":651},{"x":74,"y":656},{"x":84,"y":666},{"x":99,"y":678},{"x":106,"y":684},{"x":121,"y":694},{"x":138,"y":709},{"x":143,"y":717},{"x":154,"y":734},{"x":158,"y":754},{"x":158,"y":766},{"x":152,"y":785},{"x":143,"y":801},{"x":136,"y":807},{"x":120,"y":816},{"x":103,"y":820},{"x":96,"y":819},{"x":81,"y":813},{"x":72,"y":801},{"x":69,"y":795},{"x":66,"y":785},{"x":69,"y":779},{"x":71,"y":777}],[{"x":204,"y":586},{"x":203,"y":617},{"x":204,"y":629},{"x":207,"y":654},{"x":213,"y":683},{"x":218,"y":697},{"x":225,"y":724},{"x":231,"y":748},{"x":234,"y":758},{"x":238,"y":777},{"x":241,"y":792},{"x":244,"y":800},{"x":247,"y":812},{"x":250,"y":817},{"x":252,"y":817},{"x":256,"y":810},{"x":259,"y":794},{"x":261,"y":782},{"x":265,"y":757},{"x":268,"y":727},{"x":271,"y":711},{"x":275,"y":683},{"x":281,"y":659},{"x":284,"y":651},{"x":290,"y":641},{"x":295,"y":640},{"x":301,"y":646},{"x":303,"y":653},{"x":311,"y":671},{"x":315,"y":681},{"x":324,"y":705},{"x":333,"y":730},{"x":336,"y":742},{"x":342,"y":760},{"x":346,"y":774},{"x":348,"y":779},{"x":351,"y":783},{"x":354,"y":782},{"x":358,"y":773},{"x":360,"y":766},{"x":363,"y":743},{"x":366,"y":730},{"x":369,"y":697},{"x":373,"y":665},{"x":375,"y":649},{"x":379,